time,lexp
0.05500550055005500038607380020039,2.16608360721933346226819594448898
0.10501050105010503732394511189341,2.13764886687243294005611460306682
0.15501550155015500487287738451414,2.17919757269791869447317367303185
0.20502050205020491691065842587705,2.24024511440542539730813587084413
0.25502550255025485670401508286886,2.30677925267966754674375806644093
0.30503050305030504629755228052090,2.37135730614257189685645244026091
0.35503550355035523589108947817294,2.42976606830995622843261116940994
0.40504050405040542548462667582498,2.48036477644614894444430319708772
0.45504550455045561507816387347702,2.52345650300033730317750269023236
0.50505050505050574916054983987124,2.56049920302403766214638380915858
0.55505550555055538364257472494501,2.59341906680409239882578731339891
0.60506050605060501812459961001878,2.62412378329210937977222783956677
0.65506550655065465260662449509255,2.65412954921927024543037987314165
0.70507050705070428708864938016632,2.68413736977897654512048575270455
0.75507550755075392157067426524009,2.71343028809506003895535286574159
0.80508050805080355605269915031386,2.73925768518974965815004907199182
0.85508550855085319053472403538763,2.75712580182099786796356966078747
0.90509050905090282501674892046140,2.76327849808725467539716191822663
0.95509550955095245949877380553517,2.75821346613110396361889797844924
1.00510051005100220500310115312459,2.74703224887951913402162062993739
1.05510551055105294970815066335490,2.73589780849338470858356231474318
1.10511051105110369441320017358521,2.72883197797220500291359712718986
1.15511551155115443911824968381552,2.72710924145787014793995695072226
1.20512051205120518382329919404583,2.73005364274323092388385703088716
1.25512551255125592852834870427614,2.73581590858267453825192205840722
1.30513051305130667323339821450645,2.74171574537859763509572985640261
1.35513551355135741793844772473676,2.74429431373999932475271634757519
1.40514051405140816264349723496707,2.73935903109948553080243982549291
1.45514551455145890734854674519738,2.72227640224309119787449162686244
1.50515051505150965205359625542769,2.68865498477568598545417444256600
1.55515551555156039675864576565800,2.63540716022078758129509878926910
1.60516051605161114146369527588831,2.56229076029712921069858566625044
1.65516551655166188616874478611862,2.47478894970403473507758462801576
1.70517051705171263087379429634893,2.38920794312240492018872828339227
1.75517551755176337557884380657924,2.33316786016466082287479366641492
1.80518051805181412028389331680955,2.32361782295115881780134259315673
1.85518551855186486498894282703986,2.34783561303999244174178784305695
1.90519051905191560969399233727017,2.39704792264290844627794285770506
1.95519551955196635439904184750048,2.53257709188083524054491135757416
2.00520052005201687705948643269949,2.76632204587074692625492389197461
2.05520552055206540131848669261672,2.91780688584959646547645206737798
2.10521052105211392557748695253395,2.78179630989848325484103952476289
2.15521552155216244983648721245117,2.84954748564139626054725340509322
2.20522052205221097409548747236840,2.41640946729611227894451985775959
2.25522552255225949835448773228563,2.09436803612361677195963238773402
2.30523052305230802261348799220286,1.99678435541311150025478582392680
2.35523552355235654687248825212009,1.92885537679418650469642670941539
2.40524052405240507113148851203732,1.90798908312630666195275352947647
2.45524552455245359539048877195455,1.91173927201203674997032067039981
2.50525052505250211964948903187178,1.90988458379340197978990545379929
2.55525552555255064390848929178901,1.88356280097411010743257975263987
2.60526052605259916816748955170624,1.82777060803586044457347270508762
2.65526552655264769242648981162347,1.75394575618383563586633044906193
2.70527052705269621668549007154070,1.68134809002075535921960636187578
2.75527552755274474094449033145793,1.62449803245777224525170367996907
2.80528052805279326520349059137516,1.58812230332491211015621956903487
2.85528552855284178946249085129239,1.56972275526681070978440857288660
2.90529052905289031372149111120962,1.56478516369475229019769813021412
2.95529552955293883798049137112685,1.56946990292237531505747938354034
3.00530053005298736223949163104407,1.58101181471414609092107639298774
3.05530553055303588649849189096130,1.59743985107948049950721269851783
3.10531053105308441075749215087853,1.61727582927024515768721357744653
3.15531553155313293501649241079576,1.63927667028809631588615047803614
3.20532053205318145927549267071299,1.66212536565713508984742929897038
3.25532553255322998353449293063022,1.68396670993210140210294412099756
3.30533053305327850779349319054745,1.70183776340996262277371897653211
3.35533553355332703205249345046468,1.71167571700554810298910979327047
3.40534053405337555631149371038191,1.71015944906787997759067820879864
3.45534553455342408057049397029914,1.69688501431516614026406841730932
3.50535053505347260482949423021637,1.67459629597404124901061095442856
3.55535553555352112908849449013360,1.65080609578355530508986248605652
3.60536053605356965334749475005083,1.63814292700866070973120258713607
3.65536553655361817760649500996806,1.64686209910249736765308625763282
3.70537053705366670186549526988529,1.67800458364519866627517785673263
3.75537553755371522612449552980252,1.73797871688998251116231585911009
3.80538053805376375038349578971975,1.84187935549163372961345430667279
3.85538553855381227464249604963697,1.97078964846927773280071960471105
3.90539053905386079890149630955420,2.04357121634351557304398738779128
3.95539553955390932316049656947143,1.97212916136149440937685994867934
4.00540054005395784741949682938866,1.79852766309246780984665292635327
4.05540554055400637167849708930589,1.62206450290528647606436152273091
4.10541054105405489593749734922312,1.58316308850917164541272086353274
4.15541554155410342019649760914035,1.60211751849025318961139419116080
4.20542054205415194445549786905758,1.59539058733478489315871229337063
4.25542554255420046871449812897481,1.59481522893882377012175766139990
4.30543054305424899297349838889204,1.59951580301087692426165176584618
4.35543554355429751723249864880927,1.60549299301580172816272806812776
4.40544054405434604149149890872650,1.61038374704970932427272600762080
4.45544554455439456575049916864373,1.61315572244770955023795977467671
4.50545054505444309000949942856096,1.61343871007227646074966287415009
4.55545554555449161426849968847819,1.61116318234065958314715771848569
4.60546054605454013852749994839542,1.60644673836238838227075120812515
4.65546554655458866278650020831265,1.59960824943250168317376846971456
4.70547054705463718704550046822987,1.59122278156909757740322675090283
4.75547554755468571130450072814710,1.58216497764815611226651981269242
4.80548054805473423556350098806433,1.57360854612737544044875903637148
4.85548554855478275982250124798156,1.56696083340182057419553984800586
4.90549054905483128408150150789879,1.56372547078786605645461804670049
4.95549554955487980834050176781602,1.56530148052549300530245091067627
5.00550055005492833259950202773325,1.57272840601599361853857317328220
5.05550555055497685685850228765048,1.58639308948066326543369086721214
5.10551055105502538111750254756771,1.60578600165585316794647496863035
5.15551555155507390537650280748494,1.62948143247600962801868718088372
5.20552055205512242963550306740217,1.65545240081758615602325335203204
5.25552555255517095389450332731940,1.68170455843269617268731508374913
5.30553055305521947815350358723663,1.70736517286945344018533887719968
5.35553555355526800241250384715386,1.73474808897013210717830133944517
5.40554055405531652667150410707109,1.77235867025179616440766494633863
5.45554555455536505093050436698832,1.84363783236375433638443155359710
5.50555055505541357518950462690555,1.94868171639816534224110000650398
5.55555555555546209944850488682278,1.99068948923900546077447870629840
5.60556055605551062370750514674000,2.07470689279187503473167453194037
5.65556555655555914796650540665723,2.07202729740080782150357663340401
5.70557055705560767222550566657446,1.94017701444945656064078320923727
5.75557555755565619648450592649169,1.86964429707297830063339461048599
5.80558055805570472074350618640892,1.79765218332219500751989471609704
5.85558555855575324500250644632615,1.75939665392632194063082806678722
5.90559055905580176926150670624338,1.73747110730133336176095326663926
5.95559555955585029352050696616061,1.71879753730524242882893304340541
6.00560056005589881777950722607784,1.70211524505094380366188033804065
6.05560556055594734203850748599507,1.68716379580524589165690940717468
6.10561056105599586629750774591230,1.67196999313848548851524355995934
6.15561556155604439055650800582953,1.65236525752646046250049494119594
6.20562056205609291481550826574676,1.62348727686080174237304163398221
6.25562556255614143907450852566399,1.58384622043466416485557601845358
6.30563056305618996333350878558122,1.53911324524650638956302373117069
6.35563556355623848759250904549845,1.49966663262517352350755572842900
6.40564056405628701185150930541568,1.47291253969370061760457701893756
6.45564556455633553611050956533290,1.45835725474114386024382383766351
6.50565056505638406036950982525013,1.45138505045961063721904338308377
6.55565556555643258462851008516736,1.44857740746297425360467059363145
6.60566056605648110888751034508459,1.44873195289222134185536106087966
6.65566556655652963314651060500182,1.45197465334408715165182002237998
6.70567056705657815740551086491905,1.45885226160752234925155335076852
6.75567556755662668166451112483628,1.46942847712364521584049725788645
6.80568056805667520592351138475351,1.48215708098946619131197621754836
6.85568556855672373018251164467074,1.49277402754749366486919370800024
6.90569056905677225444151190458797,1.49463979576650918268398982036160
6.95569556955682077870051216450520,1.48327062951570765036990451335441
7.00570057005686930295951242442243,1.46160958330020096518353511783062
7.05570557055691782721851268433966,1.43715380520400937136571428709431
7.10571057105696635147751294425689,1.41613236271027997936755582486512
7.15571557155701487573651320417412,1.40158129927452579366331519850064
7.20572057205706339999551346409135,1.39388184424570438224577628716361
7.25572557255711192425451372400858,1.39204779653438248665509036072763
7.30573057305716044851351398392580,1.39475061588017368308101140428334
7.35573557355720897277251424384303,1.40089307133676732597393765900051
7.40574057405725749703151450376026,1.41028698852208012048947693983791
7.45574557455730602129051476367749,1.42517457076296394369308018212905
7.50575057505735454554951502359472,1.45347472458957716057170728163328
7.55575557555740306980851528351195,1.50693106155840683690882997325389
7.60576057605745159406751554342918,1.55114840603323900225518627848942
7.65576557655750011832651580334641,1.58576219118385641770885285950499
7.70577057705754864258551606326364,1.64052575427212388170516987884184
7.75577557755759716684451632318087,1.66447613894361023945123179146321
7.80578057805764569110351658309810,1.59709878406760763525085167202633
7.85578557855769421536251684301533,1.56727055213943500255879825999727
7.90579057905774273962151710293256,1.52905702131561560541683775227284
7.95579557955779126388051736284979,1.50798841367447633565745945816161
8.00580058005784067631793732289225,1.50500171758837630875405011465773
8.05580558055789808236113458406180,1.50725879761336267748106365615968
8.10581058105795548840433184523135,1.51058507563423183306383634771919
8.15581558155801289444752910640091,1.52882259675609200044732460810337
8.20582058205807030049072636757046,1.54581958158962406990610816137632
8.25582558255812770653392362874001,1.56242853484425148202774380479241
8.30583058305818511257712088990957,1.60472668195386880540809215744957
8.35583558355824251862031815107912,1.60418490085310772030879888916388
8.40584058405829992466351541224867,1.54602942959784095400266323849792
8.45584558455835733070671267341822,1.49905768856103671637924890092108
8.50585058505841473674990993458778,1.43565297053232687751744833803969
8.55585558555847214279310719575733,1.39193166051735728316884888045024
8.60586058605852954883630445692688,1.34655979311729923075802162202308
8.65586558655858695487950171809644,1.36008484571068577473340610595187
8.70587058705864436092269897926599,1.38441005624335988777318107167957
8.75587558755870176696589624043554,1.42794655430977002197323599830270
8.80588058805875917300909350160509,1.46569043518756836341765392717207
8.85588558855881657905229076277465,1.49835611167429338941303740284638
8.90589058905887398509548802394420,1.53171324451626822416017148498213
8.95589558955893139113868528511375,1.52097050914558318268632319814060
9.00590059005898879718188254628330,1.50494153980062339570622498285957
9.05590559055904620322507980745286,1.49272312593913447642535174963996
9.10591059105910360926827706862241,1.48630272934785057081796821876196
9.15591559155916101531147432979196,1.48260621585705432146085058775498
9.20592059205921842135467159096152,1.47516253353011950188999890087871
9.25592559255927582739786885213107,1.46116094054522371870064034737879
9.30593059305933323344106611330062,1.44631242084778932621702551841736
9.35593559355939063948426337447017,1.43642337059174085567292422638275
9.40594059405944804552746063563973,1.43166909221717397748818711988861
9.45594559455950545157065789680928,1.43006265518150388338369793927995
9.50595059505956285761385515797883,1.43006409685737700954177853418514
9.55595559555962026365705241914839,1.43094902065263784862736429204233
9.60596059605967766970024968031794,1.43281329859577288843297537823673
9.65596559655973507574344694148749,1.43663690615157224605979990883498
9.70597059705979248178664420265704,1.44400397536463076519908099726308
9.75597559755984988782984146382660,1.45633949544329177605561653763289
9.80598059805990729387303872499615,1.47405938655141222071165429952089
9.85598559855996469991623598616570,1.49383090078363145458695271372562
9.90599059906002210595943324733526,1.50676956776614612287801264756126
9.95599559956007951200263050850481,1.51424520440971788204365111596417
10.00600060006013691804582776967436,1.53246317789628161420978358364664
10.05600560056019432408902503084391,1.53994410945014337244174384977669
10.10601060106025173013222229201347,1.59787563087478345913439170544734
10.15601560156030913617541955318302,1.56739085563516833410346862365259
10.20602060206036654221861681435257,1.55847876649756456046702624007594
10.25602560256042394826181407552212,1.56435614197839978345427880412899
10.30603060306048135430501133669168,1.56704529356744171053605896304362
10.35603560356053876034820859786123,1.56949058884706071914649783138884
10.40604060406059616639140585903078,1.54586005630673528621343848499237
10.45604560456065357243460312020034,1.56961895042116528209419357153820
10.50605060506071097847780038136989,1.55709486972560262607601089257514
10.55605560556076838452099764253944,1.52886438798969792607351791957626
10.60606060606082579056419490370899,1.50968972877340279481472862244118
10.65606560656088319660739216487855,1.49466072182208087326671375194564
10.70607060706094060265058942604810,1.48170953173716823947358989244094
10.75607560756099800869378668721765,1.47066575288815282185339583520545
10.80608060806105541473698394838721,1.46152248507377024999698278406868
10.85608560856111282078018120955676,1.45404997842297700749725208879681
10.90609060906117022682337847072631,1.44788724082015685112878600193653
10.95609560956122763286657573189586,1.44256599133940421886279636964900
11.00610061006128503890977299306542,1.43755683465658368191952831693925
11.05610561056134244495297025423497,1.43252309653629605890046150307171
11.10611061106139985099616751540452,1.42764069040458485559952350740787
11.15611561156145725703936477657408,1.42358769859381539824028095608810
11.20612061206151466308256203774363,1.42109158100731125529136988916434
11.25612561256157206912575929891318,1.42044205724359695608427500701509
11.30613061306162947516895656008273,1.42140291572697674560288305656286
11.35613561356168688121215382125229,1.42349850064582827968706624233164
11.40614061406174428725535108242184,1.42636555342602466822654605493881
11.45614561456180169329854834359139,1.42994524190523986106882148305885
11.50615061506185909934174560476094,1.43445770134620986802076458843658
11.55615561556191650538494286593050,1.44022177873912005097167821077164
11.60616061606197391142814012710005,1.44754452775394093499983227957273
11.65616561656203131747133738826960,1.45712472662724090710639757162426
11.70617061706208872351453464943916,1.47124544307327020931097649736330
11.75617561756214612955773191060871,1.49499313768869956930984699283727
11.80618061806220353560092917177826,1.54147121181172574999607149948133
11.85618561856226094164412643294781,1.58199739283424922753340524650412
11.90619061906231834768732369411737,1.60408425191504866447189669997897
11.95619561956237575373052095528692,1.60789978318400095247397985076532
12.00620062006243315977371821645647,1.60832125534893943807901450782083
12.05620562056249056581691547762603,1.55199162379475374962112255161628
12.10621062106254797186011273879558,1.52517518691602949054697546671377
12.15621562156260537790330999996513,1.50195076529948723376151065167505
12.20622062206266278394650726113468,1.49039674381791109603057066124165
12.25622562256272018998970452230424,1.48348201698465942399707273580134
12.30623062306277759603290178347379,1.47937175909291540598644587589661
12.35623562356283500207609904464334,1.47776518341493234842687343189027
12.40624062406289240811929630581290,1.47709054172482856515102866978850
12.45624562456294981416249356698245,1.47346640149279184406339027191279
12.50625062506300722020569082815200,1.46480741086190024979885038192151
12.55625562556306462624888808932155,1.45523522734352295238124952447833
12.60626062606312203229208535049111,1.44844153635600036977848503738642
12.65626562656317943833528261166066,1.44508410756365801574929719208740
12.70627062706323684437847987283021,1.44448851027926195023098898673197
12.75627562756329425042167713399976,1.44579658527338938966977366362698
12.80628062806335165646487439516932,1.44834847107940412058724177768454
12.85628562856340906250807165633887,1.45171825852161706649212646880187
12.90629062906346646855126891750842,1.45565549295757623582403539330699
12.95629562956352387459446617867798,1.46002250264800625956240764935501
13.00630063006358128063766343984753,1.46474409902831648189192037534667
13.05630563056363868668086070101708,1.46975864399085476286188622907503
13.10631063106369609272405796218663,1.47493841830048211249959422275424
13.15631563156375349876725522335619,1.47987195437880969528521291067591
13.20632063206381090481045248452574,1.48313547674940160447931702947244
13.25632563256386831085364974569529,1.48049323125822795965689238073537
13.30633063306392571689684700686485,1.46868794192655172103911809244892
13.35633563356398312294004426803440,1.45977300956784517005360157781979
13.40634063406404052898324152920395,1.45713270169353492633490532170981
13.45634563456409793502643879037350,1.45705768949082647978343629802112
13.50635063506415534106963605154306,1.45815243846177255981899634207366
13.55635563556421274711283331271261,1.46036224714145879133297967200633
13.60636063606427015315603057388216,1.46414548558268453604114256449975
13.65636563656432755919922783505172,1.46986760817449346738783333421452
13.70637063706438496524242509622127,1.47766128069160473934573474252829
13.75637563756444237128562235739082,1.48787249030805424077072984800907
13.80638063806449977732881961856037,1.50130530964921393710653774178354
13.85638563856455718337201687972993,1.51716323308823652915577895328170
13.90639063906461458941521414089948,1.53242830569638077697902645013528
13.95639563956467199545841140206903,1.54868730811798815949487106991000
14.00640064006472940150160866323858,1.57181724988619264671285691292724
14.05640564056478680754480592440814,1.59432907772019993863921172305709
14.10641064106484421358800318557769,1.56541112730752152160107470990624
14.15641564156490161963120044674724,1.58240773499344666852550744806649
14.20642064206495902567439770791680,1.57337978097079633776900209340965
14.25642564256501643171759496908635,1.56508753007890955011305322841508
14.30643064306507383776079223025590,1.54932115827560212828473140689312
14.35643564356513124380398949142545,1.54196652195070416091482456977246
14.40644064406518864984718675259501,1.54847866683861568048996559809893
14.45644564456524605589038401376456,1.56426787820394941341817229840672
14.50645064506530346193358127493411,1.49340910380911240373791315505514
14.55645564556536086797677853610367,1.53066694308153228298863268719288
14.60646064606541827401997579727322,1.49568318312839565464855695609003
14.65646564656547568006317305844277,1.46597834235210555675621435511857
14.70647064706553308610637031961232,1.43435903940750120177938242704840
14.75647564756559049214956758078188,1.42139039881797835107590799452737
14.80648064806564789819276484195143,1.41198207653491514257382277719444
14.85648564856570530423596210312098,1.40601293540078220445366241619922
14.90649064906576271027915936429054,1.40201446153396380722711000998970
14.95649564956582011632235662546009,1.40046013389460499709571195126045
15.00650065006587752236555388662964,1.40377242723114137312734328588704
15.05650565056593492840875114779919,1.41227974397610567258709579618881
15.10651065106599233445194840896875,1.41783618361901964100013628922170
15.15651565156604974049514567013830,1.39182400222863322802879793016473
15.20652065206610714653834293130785,1.37262594417584704586943189497106
15.25652565256616455258154019247741,1.36906744086224252399119905021507
15.30653065306622195862473745364696,1.38615413817691135456300344230840
15.35653565356627936466793471481651,1.41217072084073058668707290053135
15.40654065406633677071113197598606,1.44098918191638869501502995262854
15.45654565456639417675432923715562,1.48807696217953266959455049800454
15.50655065506645158279752649832517,1.50430239315433111890740747185191
15.55655565556650898884072375949472,1.49912499246586916612500317569356
15.60656065606656639488392102066427,1.43445534887019432446209066256415
15.65656565656662380092711828183383,1.38849002157948664404329974786378
15.70657065706668120697031554300338,1.35311946255754689261152634571772
15.75657565756673861301351280417293,1.33164648593758716543788978015073
15.80658065806679601905671006534249,1.33659930552529671032857550017070
15.85658565856685342509990732651204,1.34388354445112634394376982527319
15.90659065906691083114310458768159,1.34920413651296189350148324592737
15.95659565956696823718630184885114,1.34117321964035429715522695914842
16.00660066006702564322949911002070,1.33503038722742850552549498388544
16.05660566056708304927269637119025,1.33383226597228432552810772904195
16.10661066106714045531589363235980,1.33513397564670133199626889108913
16.15661566156719786135909089352936,1.33594254919844801499095865437994
16.20662066206725526740228815469891,1.33307566165421054193984673474915
16.25662566256731267344548541586846,1.32417396915160701098557183286175
16.30663066306737007948868267703801,1.32023823954340802089291173615493
16.35663566356742748553187993820757,1.33397569176697805559683729370590
16.40664066406748489157507719937712,1.34757348048695169140387406514492
16.45664566456754229761827446054667,1.36263710092623147041024367354112
16.50665066506759970366147172171623,1.38044692865909190970796771580353
16.55665566556765710970466898288578,1.30909041732821074255355142668122
16.60666066606771451574786624405533,1.39309614761258404591615089884726
16.65666566656777192179106350522488,1.37999953490437476943952788133174
16.70667066706782932783426076639444,1.37293924694604885239357372483937
16.75667566756788673387745802756399,1.37555473806500017097675936383894
16.80668066806794413992065528873354,1.38144316559033009106371991947526
16.85668566856800154596385254990309,1.38491738528020547072117096831789
16.90669066906805895200704981107265,1.32830154976712155878715293511050
16.95669566956811635805024707224220,1.37093395293251041344717577885604
17.00670067006817376409344433341175,1.34887493233688893212729453807697
17.05670567056823117013664159458131,1.32941619010921230348287735978374
17.10671067106828857617983885575086,1.31394416857008056176425725425361
17.15671567156834598222303611692041,1.30537581738031671640953845781041
17.20672067206840338826623337808996,1.30070767151526789362492309010122
17.25672567256846079430943063925952,1.29847080079907950533879557042383
17.30673067306851820035262790042907,1.30030003523678461263557437632699
17.35673567356857560639582516159862,1.28427817884657380353985445253784
17.40674067406863301243902242276818,1.24505842250916787250503148243297
17.45674567456869041848221968393773,1.24768771323420946117721541668288
17.50675067506874782452541694510728,1.22576257203316951738258921977831
17.55675567556880523056861420627683,1.20648058311104278139680445747217
17.60676067606886263661181146744639,1.20390760695541443325851105328184
17.65676567656892004265500872861594,1.21940841592015258854075909766834
17.70677067706897744869820598978549,1.22154763416684364329967138473876
17.75677567756903485474140325095505,1.22592875306614934594051646854496
17.80678067806909226078460051212460,1.23565447822333118743642899062252
17.85678567856914966682779777329415,1.24361478531673563807657956203911
17.90679067906920707287099503446370,1.21878490542411910269038344267756
17.95679567956926447891419229563326,1.25388385188466666697593154822243
18.00680068006932188495738955680281,1.25569599686594024490204901667312
18.05680568056937929100058681797236,1.24615469271641510218273651844356
18.10681068106943669704378407914191,1.23886523823398420063313096761703
18.15681568156949410308698134031147,1.23826188352357613453591511643026
18.20682068206955150913017860148102,1.23509278095827079724244867975358
18.25682568256960891517337586265057,1.23698225746326184726342489739181
18.30683068306966632121657312382013,1.25256689679874289033989498420851
18.35683568356972372725977038498968,1.27126367988576771672626364306780
18.40684068406978113330296764615923,1.26483095675090351228675444872351
18.45684568456983853934616490732878,1.24680942931827609676531665172661
18.50685068506989594538936216849834,1.25158414862849953763657140370924
18.55685568556995335143255942966789,1.25321698984400242693482141476125
18.60686068607001075747575669083744,1.25752358837773159372375175735215
18.65686568657006816351895395200700,1.25668462857699014811885263043223
18.70687068707012556956215121317655,1.25123925933759849726811808068305
18.75687568757018297560534847434610,1.25011476773682406182786053250311
18.80688068807024038164854573551565,1.25857186139802879054627737787087
18.85688568857029778769174299668521,1.27028701063720328434669681882951
18.90689068907035519373494025785476,1.28519126150492346560838541336125
18.95689568957041259977813751902431,1.19715570230744661195387834595749
19.00690069007047000582133478019387,1.24628320999399777591065685555805
19.05690569057052741186453204136342,1.21907433356250560763101020711474
19.10691069107058481790772930253297,1.19000357722569893859088097087806
19.15691569157064222395092656370252,1.17074439428265608675872044841526
19.20692069207069962999412382487208,1.18173551404162946454334814916365
19.25692569257075703603732108604163,1.20106750618631541449587984971004
19.30693069307081444208051834721118,1.22412424833285427006046575115761
19.35693569357087184812371560838073,1.24817428872599123224063077941537
19.40694069407092925416691286955029,1.21854966708250711526773102377774
19.45694569457098666021011013071984,1.21839585076630463333913212409243
19.50695069507104406625330739188939,1.21750256820289837200732563360361
19.55695569557110147229650465305895,1.22415951736644523784036664437735
19.60696069607115887833970191422850,1.22175787131818158748330915841507
19.65696569657121628438289917539805,1.21180787941699508181159217201639
19.70697069707127369042609643656760,1.21071800120740458162060804170324
19.75697569757133109646929369773716,1.21418363700782006020517655997537
19.80698069807138850251249095890671,1.22117461569649043973129209916806
19.85698569857144590855568822007626,1.22523913395817451998937031021342
19.90699069907150331459888548124582,1.22254220087187204235590343159856
19.95699569957156072064208274241537,1.21555055582253412893578570219688
20.00700070007161812668528000358492,1.21145534577945657161990311578847
20.05700570057167553272847726475447,1.21528619428984319128517199715134
20.10701070107173293877167452592403,1.22551745447774029784682170429733
20.15701570157179034481487178709358,1.25175719702594356874669756507501
20.20702070207184775085806904826313,1.27978707912454248152300806395942
20.25702570257190515690126630943269,1.25311605535373549180633290234255
20.30703070307196256294446357060224,1.22596746480982488058941726194462
20.35703570357201996898766083177179,1.22351744385892846622709839721210
20.40704070407207737503085809294134,1.18937139807667624502585113077657
20.45704570457213478107405535411090,1.18177003478473530151404702337459
20.50705070507219218711725261528045,1.18080757342133324527821969240904
20.55705570557224959316044987645000,1.19735871051057785052762483246624
20.60706070607230699920364713761955,1.21906339146820363872336656640982
20.65706570657236440524684439878911,1.24071124851599168259497218969045
20.70707070707242181129004165995866,1.26106222406337797892206253891345
20.75707570757247921733323892112821,1.27444703616049515026986682642018
20.80708070807253662337643618229777,1.24199391483163967819791650981642
20.85708570857259402941963344346732,1.26584800165443889241601027606521
20.90709070907265143546283070463687,1.26587325084900204075211149756797
20.95709570957270884150602796580642,1.25655434825271927756773493456421
21.00710071007276624754922522697598,1.25216725255779826042612512537744
21.05710571057282365359242248814553,1.25181076484048059427323096315376
21.10711071107288105963561974931508,1.25433046141435311504608307586750
21.15711571157293846567881701048464,1.25914870737897666153060072247172
21.20712071207299587172201427165419,1.26579570021162046700169412360992
21.25712571257305327776521153282374,1.27427398727371565811949949420523
21.30713071307311068380840879399329,1.28482138735845752286479637405137
21.35713571357316808985160605516285,1.29559095504214960570266157446895
21.40714071407322549589480331633240,1.31091272856938334534504519979237
21.45714571457328290193800057750195,1.32128788763548854490181838627905
21.50715071507334030798119783867151,1.33760461032126198865910282620462
21.55715571557339771402439509984106,1.35646892646967520690282071882393
21.60716071607345512006759236101061,1.32343903763909254145403338043252
21.65716571657351252611078962218016,1.30162433696328316834467386797769
21.70717071707356993215398688334972,1.27588338899470232767896504810778
21.75717571757362733819718414451927,1.26529328189703527129950089147314
21.80718071807368474424038140568882,1.25485015637579988556637999863597
21.85718571857374215028357866685838,1.26133035272008320326619923434919
21.90719071907379955632677592802793,1.27456645610825103354102338926168
21.95719571957385696236997318919748,1.27901689868645696002147360559320
22.00720072007391436841317045036703,1.30653305510426465119167005468626
22.05720572057397177445636771153659,1.30351204663140141093435886432417
22.10721072107402918049956497270614,1.29427151942075657764519291959004
22.15721572157408658654276223387569,1.28860082104891993104445191420382
22.20722072207414399258595949504524,1.28339391302324390409239640575834
22.25722572257420139862915675621480,1.27095548597865470874523907696130
22.30723072307425880467235401738435,1.27414885172404113156119365157792
22.35723572357431621071555127855390,1.28902669218212939661327709472971
22.40724072407437361675874853972346,1.29129961206296139941684941732092
22.45724572457443102280194580089301,1.28292114653066402496506270836107
22.50725072507448842884514306206256,1.28472546673772725078777057206025
22.55725572557454583488834032323211,1.28597945535337276901088898739545
22.60726072607460324093153758440167,1.29082383733196914832319635024760
22.65726572657466064697473484557122,1.29027367835827178055296826642007
22.70727072707471805301793210674077,1.28474317684663841276915263733827
22.75727572757477545906112936791033,1.28322527840440780977360191172920
22.80728072807483286510432662907988,1.28743597247166263741746661253273
22.85728572857489027114752389024943,1.29828450026699981911804115952691
22.90729072907494767719072115141898,1.31268949598761586194939354754752
22.95729572957500508323391841258854,1.32101784606437289149027947132709
23.00730073007506248927711567375809,1.33658991062336118815778718271758
23.05730573057511989532031293492764,1.33665820665344603490609642904019
23.10731073107517730136351019609720,1.31110091682578877581022425147239
23.15731573157523470740670745726675,1.29361688254715456736221312894486
23.20732073207529211344990471843630,1.27099292020101906075524311745539
23.25732573257534951949310197960585,1.25245947906164722951416479190812
23.30733073307540692553629924077541,1.24030497526505856242806657974143
23.35733573357546433157949650194496,1.23151181129296416472129749308806
23.40734073407552173762269376311451,1.22562588225571200695185325457714
23.45734573457557914366589102428406,1.22241954886983816841450334322872
23.50735073507563654970908828545362,1.22057430381923515128050894418266
23.55735573557569395575228554662317,1.21734393845677568712915217474801
23.60736073607575136179548280779272,1.21146075063008940020381487556733
23.65736573657580876783868006896228,1.20477906140891333208742253191303
23.70737073707586617388187733013183,1.20007080823430967164711091754725
23.75737573757592357992507459130138,1.19867084169575899288417986099375
23.80738073807598098596827185247093,1.20021429104067234305830425000750
23.85738573857603839201146911364049,1.20380490229266490231907482666429
23.90739073907609579805466637481004,1.20879402089984178125803282455308
23.95739573957615320409786363597959,1.21477432703003307423728074354585
24.00740074007621061014106089714915,1.22124186883474328269016950798687
24.05740574057626801618425815831870,1.22710434432005666138820743071847
24.10741074107632542222745541948825,1.23007094688726748010765277285827
24.15741574157638282827065268065780,1.22701148433562812201103042752948
24.20742074207644023431384994182736,1.21732656027799679421264045231510
24.25742574257649764035704720299691,1.20498680612670550083009857189609
24.30743074307655504640024446416646,1.19830496861737789693336253549205
24.35743574357661245244344172533602,1.20532675629182928211946546070976
24.40744074407666985848663898650557,1.21926394266865756321749358903617
24.45744574457672726452983624767512,1.23158963489065897967122964473674
24.50745074507678467057303350884467,1.23867259309260702160315759101650
24.55745574557684207661623077001423,1.23946357733807976941875494958367
24.60746074607689948265942803118378,1.23460634130758561965990338649135
24.65746574657695688870262529235333,1.22917110063671430886245161673287
24.70747074707701429474582255352288,1.23534011227382123365714505780488
24.75747574757707170078901981469244,1.24630419050437768468952981493203
24.80748074807712910683221707586199,1.19097153579342118767669944645604
24.85748574857718651287541433703154,1.19098494846624269882795488229021
24.90749074907724391891861159820110,1.20674116039952905587995246605715
24.95749574957730132496180885937065,1.21600656021066821921294831554405
25.00750075007735873100500612054020,1.22219539283789946360059275320964
25.05750575057741613704820338170975,1.23223584447354683746311820868868
25.10751075107747354309140064287931,1.22151235482600473147840602905490
25.15751575157753094913459790404886,1.24853297028257759215819078235654
25.20752075207758835517779516521841,1.24321668324709255770699201093521
25.25752575257764576122099242638797,1.23861602939273351964288849558216
25.30753075307770316726418968755752,1.23611421221107997681087908858899
25.35753575357776057330738694872707,1.23371107402137591968482865922851
25.40754075407781797935058420989662,1.23188267708938048450306723680114
25.45754575457787538539378147106618,1.23198046373856717750072675698902
25.50755075507793279143697873223573,1.23454429384301422878422727080761
25.55755575557799019748017599340528,1.23870813673872892657357169809984
25.60756075607804760352337325457484,1.24272857326774976982619591581170
25.65756575657810500956657051574439,1.24511293281732071669409833702957
25.70757075707816241560976777691394,1.24550750821646039057100097124930
25.75757575757821982165296503808349,1.24473807146529158451642160798656
25.80758075807827722769616229925305,1.24406398957958508333376812515780
25.85758575857833463373935956042260,1.24421356438588714965476356155705
25.90759075907839203978255682159215,1.24450639075411872980225780338515
25.95759575957844944582575408276170,1.24066861457684685099422949861037
26.00760076007850685186895134393126,1.21743631498975357629888094379567
26.05760576057856425791214860510081,1.22932468938013772508099918923108
26.10761076107862166395534586627036,1.23240380873219645962990398402326
26.15761576157867906999854312743992,1.22682095869431484480571725725895
26.20762076207873647604174038860947,1.22074214378350176524179460102459
26.25762576257879388208493764977902,1.21542047500308325602702552714618
26.30763076307885128812813491094857,1.20705573935277277186628452909645
26.35763576357890869417133217211813,1.18751217245224482965682000212837
26.40764076407896610021452943328768,1.17658239176681456150674875971163
26.45764576457902350625772669445723,1.19106648763203182284087233711034
26.50765076507908091230092395562679,1.18467542970871209107031063467730
26.55765576557913831834412121679634,1.24320599407896947852236735343467
26.60766076607919572438731847796589,1.22800366867574695106668514199555
26.65766576657925313043051573913544,1.22299834335110468863661026261980
26.70767076707931053647371300030500,1.22201424779478129423182508617174
26.75767576757936794251691026147455,1.22806677558572885367027538450202
26.80768076807942534856010752264410,1.23481992348037916684688752866350
26.85768576857948275460330478381366,1.23992535083648758309493587148609
26.90769076907954016064650204498321,1.25050705332246847589772187347990
26.95769576957959756668969930615276,1.26008309816556773874651753430953
27.00770077007965497273289656732231,1.27929111908518722273697676428128
27.05770577057971237877609382849187,1.26962038130143395342486201116117
27.10771077107976978481929108966142,1.25325309980787458208340012788540
27.15771577157982719086248835083097,1.24650564879216618763280166604090
27.20772077207988459690568561200052,1.22749303743713711334351046389202
27.25772577257994200294888287317008,1.21667195856709153822805546951713
27.30773077307999940899208013433963,1.21981522247593487939809620002052
27.35773577358005681503527739550918,1.22746577938897138970730793516850
27.40774077408011422107847465667874,1.22527097991543576505080181959784
27.45774577458017162712167191784829,1.21459091254810758186977182049304
27.50775077508022903316486917901784,1.20929423352236065092313310742611
27.55775577558028643920806644018739,1.21212435695563813808917075220961
27.60776077608034384525126370135695,1.21593379464315831661735956004122
27.65776577658040125129446096252650,1.23257204880422110981896821613191
27.70777077708045865733765822369605,1.26217981326777994866006338270381
27.75777577758051606338085548486561,1.25668843394403939583980900351889
27.80778077808057346942405274603516,1.22695377118189408172099774674280
27.85778577858063087546725000720471,1.20797808412144269674115548696136
27.90779077908068828151044726837426,1.19470504747234507192388264229521
27.95779577958074568755364452954382,1.18817606677131148984472019947134
28.00780078008080309359684179071337,1.20231557626561258445008206763305
28.05780578058086049964003905188292,1.22068177668173660777028999291360
28.10781078108091790568323631305248,1.20904911354643829213273420464247
28.15781578158097531172643357422203,1.22329187260830107852882520091953
28.20782078208103271776963083539158,1.21037829254779638610273195808986
28.25782578258109012381282809656113,1.18168616612480170680044011533028
28.30783078308114752985602535773069,1.17948901075390111259366676677018
28.35783578358120493589922261890024,1.19984042867542872734532011236297
28.40784078408126234194241988006979,1.21580143400554074872843557386659
28.45784578458131974798561714123935,1.22948634843257154081186399707804
28.50785078508137715402881440240890,1.24359262274000936798756811185740
28.55785578558143456007201166357845,1.25648931170763678011326192063279
28.60786078608149196611520892474800,1.27297979468293864790950919996249
28.65786578658154937215840618591756,1.27189709013006213567109625728335
28.70787078708160677820160344708711,1.25313088092127578043744051683461
28.75787578758166418424480070825666,1.23965739079964909485909174691187
28.80788078808172159028799796942621,1.21561905232308964386334082519170
28.85788578858177899633119523059577,1.20733830636451511253426360781305
28.90789078908183640237439249176532,1.21309597403513946822783964307746
28.95789578958189380841758975293487,1.21663664040476193761719514441211
29.00790079008195121446078701410443,1.20625060015753593489762351964600
29.05790579058200862050398427527398,1.19753234090617177720616837177658
29.10791079108206602654718153644353,1.19367806734418180347745419567218
29.15791579158212343259037879761308,1.19192687224506554954928105871659
29.20792079208218083863357605878264,1.19434918917409138572338633821346
29.25792579258223824467677331995219,1.22207416624417497530430409824476
29.30793079308229565071997058112174,1.21832664601572160378850639972370
29.35793579358235305676316784229130,1.20588952898616663667041848384542
29.40794079408241046280636510346085,1.18917055958518780300892103696242
29.45794579458246786884956236463040,1.17353851346626925078453496098518
29.50795079508252527489275962579995,1.16652489763487166030131447769236
29.55795579558258268093595688696951,1.17518006829949950287073079380207
29.60796079608264008697915414813906,1.19177431071972161902294828905724
29.65796579658269749302235140930861,1.17907961115394832596336982533103
29.70797079708275489906554867047817,1.19585727124083551764499588898616
29.75797579758281230510874593164772,1.17801133604482388683720728295157
29.80798079808286971115194319281727,1.16751220468949323816332253045402
29.85798579858292711719514045398682,1.17788659156503383584890798374545
29.90799079908298452323833771515638,1.19200334107535610428385552950203
29.95799579958304192928153497632593,1.20922193736172278732965423841961
30.00800080008309933532473223749548,1.21947968816691898474857680412242
30.05800580058315674136792949866503,1.23847290835101042638655144401127
30.10801080108321414741112675983459,1.23651254160294366002403876336757
30.15801580158327155345432402100414,1.21092889305537321220640478713904
30.20802080208332895949752128217369,1.19371751208463461324527088436298
30.25802580258338636554071854334325,1.17320388209908799126424128189683
30.30803080308344377158391580451280,1.16320594553114831093409975437680
30.35803580358350117762711306568235,1.16773935395483952071060684829718
30.40804080408355858367031032685190,1.16732268328867005990900906908792
30.45804580458361598971350758802146,1.16515977606852794146163887489820
30.50805080508367339575670484919101,1.15222574882658235218002573674312
30.55805580558373080179990211036056,1.14319623508434675684952708252240
30.60806080608378820784309937153012,1.14040541792713834290395880088909
30.65806580658384561388629663269967,1.14392994176765294689346319501055
30.70807080708390301992949389386922,1.16500071927719517361765610985458
30.75807580758396042597269115503877,1.14717873921493151989636771759251
30.80808080808401783201588841620833,1.15661366058684578206339210737497
30.85808580858407523805908567737788,1.13378110580681301655658899107948
30.90809080908413264410228293854743,1.13206633879584894764036562264664
30.95809580958419005014548019971699,1.12917027681424486651451388752321
31.00810081008424745618867746088654,1.13353111270048301228996479039779
31.05810581058430486223187472205609,1.14303740815075971504199969785986
31.10811081108436226827507198322564,1.13920691127480799842430769786006
31.15811581158441967431826924439520,1.14372584207227157016006913181627
31.20812081208447708036146650556475,1.12981052044050600535740613850066
31.25812581258453448640466376673430,1.12956750546997808370974780700635
31.30813081308459189244786102790385,1.14089699637800046083668803476030
31.35813581358464929849105828907341,1.15995110913434507082797608745750
31.40814081408470670453425555024296,1.16765243090327142105877555877669
31.45814581458476411057745281141251,1.17478790512719433181132444588002
31.50815081508482151662065007258207,1.17413300486346727780073706526309
31.55815581558487892266384733375162,1.15619004130309233069340280053439
31.60816081608493632870704459492117,1.13770882129190087361791938747047
31.65816581658499373475024185609072,1.12310557861374671340115583006991
31.70817081708505114079343911726028,1.11324215267558646047518777777441
31.75817581758510854683663637842983,1.10673477687416110804008440027246
31.80818081808516595287983363959938,1.10273486183401447924268268252490
31.85818581858522335892303090076894,1.10364183039003238562258957244921
31.90819081908528076496622816193849,1.09834473470995019894758115697186
31.95819581958533817100942542310804,1.09146475405422793691911920177517
32.00820082008539202433894388377666,1.08587598631674464577656635810854
32.05820582058541390324535313993692,1.08445120679265527563472915062448
32.10821082108543578215176239609718,1.08838372691324769547804862668272
32.15821582158545766105817165225744,1.10640606721444645366148051834898
32.20822082208547953996458090841770,1.09960915476931009315819665062008
32.25822582258550141887099016457796,1.09385050584891629910089250188321
32.30823082308552329777739942073822,1.09442813635836500019138384232065
32.35823582358554517668380867689848,1.09310008725764062909036056225887
32.40824082408556705559021793305874,1.09393122455636282452928753627930
32.45824582458558893449662718921900,1.09413954189174922326799332950031
32.50825082508561081340303644537926,1.09517168805264364372931140678702
32.55825582558563269230944570153952,1.09200017840846586025804754171986
32.60826082608565457121585495769978,1.08709828860297208485974351788172
32.65826582658567645012226421386003,1.08219401385410241012152710027294
32.70827082708569832902867347002029,1.08133652830120352561493746179622
32.75827582758572020793508272618055,1.08565221992065930045612276444444
32.80828082808574208684149198234081,1.08261624826464131210457253473578
32.85828582858576396574790123850107,1.09323581845308392956894749659114
32.90829082908578584465431049466133,1.08134660787053338282248660107143
32.95829582958580772356071975082159,1.07105826927276193138993676257087
33.00830083008582960246712900698185,1.06608064189190576698251788911875
33.05830583058585148137353826314211,1.06725517392798274762810706306482
33.10831083108587336027994751930237,1.07079647572376779329772489290917
33.15831583158589523918635677546263,1.07840419921281882587038580822991
33.20832083208591711809276603162289,1.08891291160508130175799124117475
33.25832583258593899699917528778315,1.05427676433663131128071199782426
33.30833083308596087590558454394341,1.07205281063422708243138004036155
33.35833583358598275481199380010366,1.04916851548498768487149845896056
33.40834083408600463371840305626392,1.05734492347917297117021462327102
33.45834583458602651262481231242418,1.07545060632802358391302277595969
33.50835083508604839153122156858444,1.09123614035235028119075195718324
33.55835583558607027043763082474470,1.10380170981449987621658692660276
33.60836083608609214934404008090496,1.12181741696229653193483954964904
33.65836583658611402825044933706522,1.11339361667303227143577259994345
33.70837083708613590715685859322548,1.09258740450524993725878175609978
33.75837583758615778606326784938574,1.07278702185110108580090582108824
33.80838083808617966496967710554600,1.06123905504522397791333787608892
33.85838583858620154387608636170626,1.06956390474711482418967989360681
33.90839083908622342278249561786652,1.07763075538837460598529105482157
33.95839583958624530168890487402678,1.06289460098932142528838085127063
34.00840084008626718059531413018703,1.05670424349533953467528135661269
34.05840584058628905950172338634729,1.05421025269461576812091152532957
34.10841084108631093840813264250755,1.05978553899799932125347368128132
34.15841584158633281731454189866781,1.06309525737644361420564109721454
34.20842084208635469622095115482807,1.08189891114172032082763053040253
34.25842584258637657512736041098833,1.09617445470119934114450188644696
34.30843084308639845403376966714859,1.08899477768690955414854215632658
34.35843584358642033294017892330885,1.07519895945724486274741593661020
34.40844084408644221184658817946911,1.05805103590207183472671204071958
34.45844584458646409075299743562937,1.04178179054060859876074118801625
34.50845084508648596965940669178963,1.03493504814938952485192658059532
34.55845584558650784856581594794989,1.04776176538822718420362889446551
34.60846084608652972747222520411015,1.06371820100226277538979502423899
34.65846584658655160637863446027040,1.07855666879011224956741443747887
34.70847084708657348528504371643066,1.07936429813097589658354991115630
34.75847584758659536419145297259092,1.06920468005822955070982516190270
34.80848084808661724309786222875118,1.05977913255506073220146845415002
34.85848584858663912200427148491144,1.03302560996023728989712253678590
34.90849084908666100091068074107170,1.04752891826611471692842769698473
34.95849584958668287981708999723196,1.06362928113993837619943860772764
35.00850085008670475872349925339222,1.07942328074282301031416864134371
35.05850585058672663762990850955248,1.09091299534141250582308657612884
35.10851085108674851653631776571274,1.09886411405496620119492945377715
35.15851585158677039544272702187300,1.09466992197885004678425957536092
35.20852085208679227434913627803326,1.07260766588724854031511313223746
35.25852585258681415325554553419352,1.05036824476428725105847661325242
35.30853085308683603216195479035378,1.03630253233545910340751561307115
35.35853585358685791106836404651403,1.04939244842263756929412465979112
35.40854085408687978997477330267429,1.05647749112019084805069724097848
35.45854585458690166888118255883455,1.04500640435309710696287766040768
35.50855085508692354778759181499481,1.03530686012723793787415615952341
35.55855585558694542669400107115507,1.03727547345786885735208215919556
35.60856085608696730560041032731533,1.04703508663830580083242693945067
35.65856585658698918450681958347559,1.05704681925668908526461109431693
35.70857085708701106341322883963585,1.07351249705374263143653479346540
35.75857585758703294231963809579611,1.08478683427409339223856932221679
35.80858085808705482122604735195637,1.08102685299687562014980812818976
35.85858585858707670013245660811663,1.06775063871620590205679945938755
35.90859085908709857903886586427689,1.05691789053417806165668935136637
35.95859585958712045794527512043715,1.04067765168822079502319866151083
36.00860086008714233685168437659740,1.02715757063927681791426493873587
36.05860586058716421575809363275766,1.02222213087453028812490174459526
36.10861086108718609466450288891792,1.03253684136815659933006372739328
36.15861586158720797357091214507818,1.04409496634763865330342014203779
36.20862086208722985247732140123844,1.05399605475735680393256643583300
36.25862586258725173138373065739870,1.06301590150200153672699343587738
36.30863086308727361029013991355896,1.07191462526528469290099110367009
36.35863586358729548919654916971922,1.08095291062272713666914114583051
36.40864086408731736810295842587948,1.08871235805086619130577219038969
36.45864586458733924700936768203974,1.08545484684329029967386759381043
36.50865086508736112591577693820000,1.05103780127653334552917385735782
36.55865586558738300482218619436026,1.04820663070164887820112653571414
36.60866086608740488372859545052052,1.05536867600972050773577848303830
36.65866586658742676263500470668077,1.07005628063949087547257477126550
36.70867086708744864154141396284103,1.07903041343940708784998605551664
36.75867586758747052044782321900129,1.08948043546012618421059414686169
36.80868086808749239935423247516155,1.10875491093650668794623470603256
36.85868586858751427826064173132181,1.09063591347412591758825328724924
36.90869086908753615716705098748207,1.10798272207210080075867608684348
36.95869586958755803607346024364233,1.08242417795853973494502042740351
37.00870087008757991497986949980259,1.06422955277567421461526464554481
37.05870587058760179388627875596285,1.05123651177336419060281968995696
37.10871087108762367279268801212311,1.05024827893983840887415226461599
37.15871587158764555169909726828337,1.05820070293707368946911628881935
37.20872087208766743060550652444363,1.05813996276516952832480455981568
37.25872587258768930951191578060389,1.05847476965445297381052114360500
37.30873087308771118841832503676414,1.05667845753636102656969342206139
37.35873587358773306732473429292440,1.05689968190997740649095248954836
37.40874087408775494623114354908466,1.05917601412945305838775311713107
37.45874587458777682513755280524492,1.06175321879271744585082615230931
37.50875087508779870404396206140518,1.06108519617946805979613600356970
37.55875587558782058295037131756544,1.06200507868169280456527303613257
37.60876087608784246185678057372570,1.07002711329352995228703093744116
37.65876587658786434076318982988596,1.07600530840519348352302131388569
37.70877087708788621966959908604622,1.08479765784089510205490114458371
37.75877587758790809857600834220648,1.08289394985597353660011776810279
37.80878087808792997748241759836674,1.09113082745055178790494210261386
37.85878587858795185638882685452700,1.08723083994677471864065410045441
37.90879087908797373529523611068726,1.08256965233252677727193713508314
37.95879587958799561420164536684752,1.08085617627351870950747070310172
38.00880088008801749310805462300777,1.08335266132529062232947580923792
38.05880588058803937201446387916803,1.08682548699554404336709012568463
38.10881088108806125092087313532829,1.09019926942121014867836947814794
38.15881588158808312982728239148855,1.06220771282856585315812480985187
38.20882088208810500873369164764881,1.08094156341878622207275384425884
38.25882588258812688764010090380907,1.07056218846415007739381053397665
38.30883088308814876654651015996933,1.06150717690139329008047752722632
38.35883588358817064545291941612959,1.05315624426236165156467450287892
38.40884088408819252435932867228985,1.04761632907037438577901866665343
38.45884588458821440326573792845011,1.04452443592559629514937569183530
38.50885088508823628217214718461037,1.04163816170267398142357251344947
38.55885588558825816107855644077063,1.03901258249250871834590270736953
38.60886088608828003998496569693089,1.03795568894671763615633608424105
38.65886588658830191889137495309114,1.02903474484699919422325820050901
38.70887088708832379779778420925140,1.02277552525047465969976201449754
38.75887588758834567670419346541166,1.02177790809032664753885910613462
38.80888088808836755561060272157192,1.01832239848557026817843507160433
38.85888588858838943451701197773218,1.02009416780030504057208418089431
38.90889088908841131342342123389244,1.02509413355365452957812522072345
38.95889588958843319232983049005270,1.02540928316469703851510075764963
39.00890089008845507123623974621296,1.02299032473355411276827453548322
39.05890589058847695014264900237322,1.02324623580700335701010317279724
39.10891089108849882904905825853348,1.02451072137115639648641263192985
39.15891589158852070795546751469374,1.02415142247303392331048144114902
39.20892089208854258686187677085400,1.01599169757203755537489087146241
39.25892589258856446576828602701426,1.00834064424662539494192969868891
39.30893089308858634467469528317451,1.01628798980502921267543570138514
39.35893589358860822358110453933477,1.01036746145084310732897847628919
39.40894089408863010248751379549503,1.00355627347060116782984096062137
39.45894589458865198139392305165529,0.99802338478932206555782613577321
39.50895089508867386030033230781555,0.99459746716415675660272199820611
39.55895589558869573920674156397581,0.99326653712089929548767486267025
39.60896089608871761811315082013607,0.99367746065862205817609265068313
39.65896589658873949701956007629633,0.99501763857684089042976438577170
39.70897089708876137592596933245659,0.99610488277135988965937940520234
39.75897589758878325483237858861685,0.99640976834138217377301316446392
39.80898089808880513373878784477711,0.99598985340578005676093198417220
39.85898589858882701264519710093737,0.99501879638853385490193659279612
39.90899089908884889155160635709763,0.99373395391540264576235585991526
39.95899589958887077045801561325788,0.99254908969546451480425730551360
40.00900090008889264936442486941814,0.99199816384922112622035683671129
40.05900590058891452827083412557840,0.99243545128037180536040295919520
40.10901090108893640717724338173866,0.99421789122206305489015676357667
40.15901590158895828608365263789892,0.99809061721009484369204756148974
40.20902090208898016499006189405918,1.00415189171548435709269142535049
40.25902590258900204389647115021944,1.01134386072448512194910108519252
40.30903090308902392280288040637970,1.01848120915879736259057608549483
40.35903590358904580170928966253996,1.02579419433308949294314516009763
40.40904090408906768061569891870022,1.03429992869791997911477210436715
40.45904590458908955952210817486048,1.03830245805816390181064434727887
40.50905090508911143842851743102074,1.04768484408454609635441556747537
40.55905590558913331733492668718100,1.04200806350236541142351143207634
40.60906090608915519624133594334126,1.05203172264313660200230060581816
40.65906590658917707514774519950151,1.04422840226214397318926785374060
40.70907090708919895405415445566177,1.03972397689213158500365352665540
40.75907590758922083296056371182203,1.03909650486471205610428114596289
40.80908090808924271186697296798229,1.04158461010622516162982265086612
40.85908590858926459077338222414255,1.04632091918410830011509915493662
40.90909090908928646967979148030281,1.05218784114694252629362836159999
40.95909590958930834858620073646307,1.05689055658434072348939025687287
41.00910091008933022749260999262333,1.05827499782951628404248367587570
41.05910591058935210639901924878359,1.05700710379499884794540776056238
41.10911091108937398530542850494385,1.05544396213247138049950990534853
41.15911591158939586421183776110411,1.05483823814270549767968532250961
41.20912091208941774311824701726437,1.05510944516411497851038348017028
41.25912591258943962202465627342463,1.05585209796888279676352340175072
41.30913091308946150093106552958488,1.05691516530845630583712591032963
41.35913591358948337983747478574514,1.05839290140297603848296148498775
41.40914091408950525874388404190540,1.06026678554760311889992863143561
41.45914591458952713765029329806566,1.06212176096043320328021763998549
41.50915091508954901655670255422592,1.06323730753262757353638789936667
41.55915591558957089546311181038618,1.06286243983801886869855479744729
41.60916091608959277436952106654644,1.06047221443083672376417325722286
41.65916591658961465327593032270670,1.05606989212822588442008964193519
41.70917091708963653218233957886696,1.05073526619719603836244914418785
41.75917591758965841108874883502722,1.04742968739071251604855206096545
41.80918091808968028999515809118748,1.04859381110059390884714503044961
41.85918591858970216890156734734774,1.05151968065260015272599503077799
41.90919091908972404780797660350800,1.05274578761634352019882499007508
41.95919591958974592671438585966825,1.05266368748582883618780670076376
42.00920092008976780562079511582851,1.06091929296198395071826325875008
42.05920592058978968452720437198877,1.08160107995355470045240053877933
42.10921092108981156343361362814903,1.08693864274032092609445498965215
42.15921592158983344234002288430929,1.08044699606093641541804117878200
42.20922092208985532124643214046955,1.07618275312749656080768545507453
42.25922592258987720015284139662981,1.06999066522673635937223934888607
42.30923092308989907905925065279007,1.03690835629752875490794394863769
42.35923592358992095796565990895033,1.08753432893279766702221422747243
42.40924092408994283687206916511059,1.08872470841389490381345694913762
42.45924592458996471577847842127085,1.08374475511028789398437766067218
42.50925092508998659468488767743111,1.08018299157366648444167367415503
42.55925592559000847359129693359137,1.07868393155291220075753244600492
42.60926092609003035249770618975163,1.07855724803787134113974843785400
42.65926592659005223140411544591188,1.07735869065594314086808935826411
42.70927092709007411031052470207214,1.06603558687969046658849947561976
42.75927592759009598921693395823240,1.05267634974974022554761177161708
42.80928092809011786812334321439266,1.05947222477453983913164847763255
42.85928592859013974702975247055292,1.06017859306292283605444026761688
42.90929092909016162593616172671318,1.06129298633198509982378254790092
42.95929592959018350484257098287344,1.06368471102652328852400387404487
43.00930093009020538374898023903370,1.06480346738773268278066552738892
43.05930593059022726265538949519396,1.06061467362404115988283592741936
43.10931093109024914156179875135422,1.05610992213297438802044325711904
43.15931593159027102046820800751448,1.05608046879230688119832848315127
43.20932093209029289937461726367474,1.05772673470890699043422955583083
43.25932593259031477828102651983500,1.06141686294059156558944323478499
43.30933093309033665718743577599525,1.06727367192869970757840292208130
43.35933593359035853609384503215551,1.07106185798285502563942372944439
43.40934093409038041500025428831577,1.07336079225362168720891986595234
43.45934593459040229390666354447603,1.07110662384557353554725978028728
43.50935093509042417281307280063629,1.07016762297010381566053638380254
43.55935593559044605171948205679655,1.07421417721327383532070598448627
43.60936093609046793062589131295681,1.08146216941167971903325906168902
43.65936593659048980953230056911707,1.09187358493681596627311591873877
43.70937093709051168843870982527733,1.10489894799781374068459172121948
43.75937593759053356734511908143759,1.08887917586558469196234000264667
43.80938093809055544625152833759785,1.08305976101600975880501209758222
43.85938593859057732515793759375811,1.08115594436615136686441474012099
43.90939093909059920406434684991837,1.07492162570651261788157171395142
43.95939593959062108297075610607862,1.06216997438968707712092509609647
44.00940094009064296187716536223888,1.05920806436010117579371581086889
44.05940594059066484078357461839914,1.06161466405421611725046204810496
44.10941094109068671968998387455940,1.07046906251175943936004841816612
44.15941594159070859859639313071966,1.08041600115510139090702068642713
44.20942094209073047750280238687992,1.09020037009922199366940276377136
44.25942594259075235640921164304018,1.09969939930297222474564478034154
44.30943094309077423531562089920044,1.10824052305886611158314281055937
44.35943594359079611422203015536070,1.11145986815537978209533775952877
44.40944094409081799312843941152096,1.09096269085760511075022805016488
44.45944594459083987203484866768122,1.11110479966597885947976465104148
44.50945094509086175094125792384148,1.11055461406797228995912973914528
44.55945594559088362984766718000174,1.10881686423735392743594729836332
44.60946094609090550875407643616199,1.10921159874896679831124401971465
44.65946594659092738766048569232225,1.11138313414133760304025599907618
44.70947094709094926656689494848251,1.11500500158406823381085359869758
44.75947594759097114547330420464277,1.11968852668155549601181064645061
44.80948094809099302437971346080303,1.12493539766308248140092018729774
44.85948594859101490328612271696329,1.13029226890839540331512580451090
44.90949094909103678219253197312355,1.13544129451733777358413135516457
44.95949594959105866109894122928381,1.14019531340929769491765455313725
45.00950095009108054000535048544407,1.14446171987001754644097673008218
45.05950595059110241891175974160433,1.14821383712999458559522736322833
45.10951095109112429781816899776459,1.15147938277717809540945381741039
45.15951595159114617672457825392485,1.15434408184194392532617712276988
45.20952095209116805563098751008511,1.15696135764899232789559846423799
45.25952595259118993453739676624537,1.15955093869611558510257509624353
45.30953095309121181344380602240562,1.16236456406555510589839741442120
45.35953595359123369235021527856588,1.16560349099029281205730512738228
45.40954095409125557125662453472614,1.16928109722915896107053868036019
45.45954595459127745016303379088640,1.17302876853964521686179978132714
45.50955095509129932906944304704666,1.17614879278793571515393523441162
45.55955595559132120797585230320692,1.17847429079905907656211638823152
45.60956095609134308688226155936718,1.17905726167729119069349508208688
45.65956595659136496578867081552744,1.17735097362181595492813812597888
45.70957095709138684469508007168770,1.17467517370010710031635881023249
45.75957595759140872360148932784796,1.17282510090802771784979086078238
45.80958095809143060250789858400822,1.17352356999528706360536034480901
45.85958595859145248141430784016848,1.17695155838070286691277033241931
45.90959095909147436032071709632874,1.18359415601403261675272915454116
45.95959595959149623922712635248899,1.19562410310470035312846448505297
46.00960096009151811813353560864925,1.20786217321980227090705284354044
46.05960596059153999703994486480951,1.18698994735233398500895418692380
46.10961096109156187594635412096977,1.20565576588153477999298957001884
46.15961596159158375485276337713003,1.19403756352957479691667685983703
46.20962096209160563375917263329029,1.17740231431046660226513722591335
46.25962596259162751266558188945055,1.16776392846685039828003027650993
46.30963096309164939157199114561081,1.16343601587320577550599409732968
46.35963596359167127047840040177107,1.16171790515170481050688522373093
46.40964096409169314938480965793133,1.16279225684702969267902972205775
46.45964596459171502829121891409159,1.16491144642681887511059812823078
46.50965096509173690719762817025185,1.16696544051910278128048048529308
46.55965596559175878610403742641211,1.16864170849534665386215692706173
46.60966096609178066501044668257236,1.16994919706041256013406837155344
46.65966596659180254391685593873262,1.17097036352061034669702621613396
46.70967096709182442282326519489288,1.17171455817115544029149987181881
46.75967596759184630172967445105314,1.17195114342876549606842218054226
46.80968096809186818063608370721340,1.17152964197550657488022807228845
46.85968596859189005954249296337366,1.17344358390738068287362239061622
46.90969096909191193844890221953392,1.17984901798674735040606265101815
46.95969596959193381735531147569418,1.18455901272370067722761177719804
47.00970097009195569626172073185444,1.18642890170424353257772054348607
47.05970597059197757516812998801470,1.18667107318023656858940739766695
47.10971097109199945407453924417496,1.18599870298986620476000553026097
47.15971597159202133298094850033522,1.18469801818166975415635988611029
47.20972097209204321188735775649548,1.18287747298106427074060320592253
47.25972597259206509079376701265574,1.18059813244175337842989392811432
47.30973097309208696970017626881599,1.17796743450110241724360093940049
47.35973597359210884860658552497625,1.17526478210248730427167629386531
47.40974097409213072751299478113651,1.17307244579699054831678495247616
47.45974597459215260641940403729677,1.17210707792243584712821302673547
47.50975097509217448532581329345703,1.17259774779881009720838846988045
47.55975597559219636423222254961729,1.17451302919061650875676150462823
47.60976097609221824313863180577755,1.18296818243834334083430803730153
47.65976597659224012204504106193781,1.19008434269217655554484736057930
47.70977097709226200095145031809807,1.19768468059589627827676849847194
47.75977597759228387985785957425833,1.19989697838729236778476661129389
47.80978097809230575876426883041859,1.18423012190906251639432866795687
47.85978597859232763767067808657885,1.16883591428404809420271703856997
47.90979097909234951657708734273911,1.17029477686031002647837340191472
47.95979597959237139548349659889936,1.17093412368955851476926000032108
48.00980098009239327438990585505962,1.17121791734232472137477998330723
48.05980598059241515329631511121988,1.17217880470344004706362284196075
48.10981098109243703220272436738014,1.17299823318984675069032164174132
48.15981598159245891110913362354040,1.17225179069732621250921056343941
48.20982098209248079001554287970066,1.16818187306570986372378229134483
48.25982598259250266892195213586092,1.16244244108721961339369954657741
48.30983098309252454782836139202118,1.15729279496986769970590103184804
48.35983598359254642673477064818144,1.15335634467184666718253538419958
48.40984098409256830564117990434170,1.15067487066416562768722542386968
48.45984598459259018454758916050196,1.14890280054444304802530041342834
48.50985098509261206345399841666222,1.14770514105475029964509303681552
48.55985598559263394236040767282248,1.14686643137362165312254091986688
48.60986098609265582126681692898273,1.14624149416101150933400276699103
48.65986598659267770017322618514299,1.14570354024246667812292344024172
48.70987098709269957907963544130325,1.14513383088990838842846642364748
48.75987598759272145798604469746351,1.14443651872054408258350122196134
48.80988098809274333689245395362377,1.14355243092381630987119933706708
48.85988598859276521579886320978403,1.14246419428531886808286799350753
48.90989098909278709470527246594429,1.14120402691756184232474424788961
48.95989598959280897361168172210455,1.13989554696199024697023105545668
49.00990099009283085251809097826481,1.13890343581740371980970394361066
49.05990599059285273142450023442507,1.13918197297111167820560240215855
49.10991099109287461033090949058533,1.14240638954349948974709150206763
49.15991599159289648923731874674559,1.15051915024638096163300815533148
49.20992099209291836814372800290585,1.16583849177961007548276484158123
49.25992599259294024705013725906610,1.17227888941835889369258438819088
49.30993099309296212595654651522636,1.18335600104379334851500971126370
49.35993599359298400486295577138662,1.18131033896787873693767778604524
49.40994099409300588376936502754688,1.17029417008746117190298718924168
49.45994599459302776267577428370714,1.16675770546762325174938723648665
49.50995099509304964158218353986740,1.16200239310255981628472454758594
49.55995599559307152048859279602766,1.16077813514181471532538125757128
49.60996099609309339939500205218792,1.16001322073524804068256344180554
49.65996599659311527830141130834818,1.15938560914529897871716457302682
49.70997099709313715720782056450844,1.15875459660219259916402734233998
49.75997599759315903611422982066870,1.15646838610984792339309024100658
49.80998099809318091502063907682896,1.15371905629055349074008063325891
49.85998599859320279392704833298922,1.15130034464700337082376790931448
49.90999099909322467283345758914948,1.14895990750672449820513065787964
49.95999599959324655173986684530973,1.14650469233666840729313207702944
